1680175916,2023,03,30,13,31,56,::1,Mozilla/5.0 (Windows NT 10.0; Win64; x64) AppleWebKit/537.36 (KHTML, like Gecko) Chrome/111.0.0.0 Safari/537.36,http://localhost/fullstack1/Clase4/Proyecto/76-Proyecto/admin/panel.php?tabla=clientes,,tabla:clientes|,carrito:[["1","1"],["2","1"],["1","1"]]|usuario:josevicente|
1680175923,2023,03,30,13,32,03,::1,Mozilla/5.0 (Windows NT 10.0; Win64; x64) AppleWebKit/537.36 (KHTML, like Gecko) Chrome/111.0.0.0 Safari/537.36,http://localhost/fullstack1/Clase4/Proyecto/76-Proyecto/admin/panel.php?tabla=lineaspedido,,tabla:lineaspedido|,carrito:[["1","1"],["2","1"],["1","1"]]|usuario:josevicente|
1680175924,2023,03,30,13,32,04,::1,Mozilla/5.0 (Windows NT 10.0; Win64; x64) AppleWebKit/537.36 (KHTML, like Gecko) Chrome/111.0.0.0 Safari/537.36,http://localhost/fullstack1/Clase4/Proyecto/76-Proyecto/admin/panel.php?tabla=destacados,,tabla:destacados|,carrito:[["1","1"],["2","1"],["1","1"]]|usuario:josevicente|
1680175925,2023,03,30,13,32,05,::1,Mozilla/5.0 (Windows NT 10.0; Win64; x64) AppleWebKit/537.36 (KHTML, like Gecko) Chrome/111.0.0.0 Safari/537.36,http://localhost/fullstack1/Clase4/Proyecto/76-Proyecto/admin/panel.php?tabla=clientes,,tabla:clientes|,carrito:[["1","1"],["2","1"],["1","1"]]|usuario:josevicente|
1680175926,2023,03,30,13,32,06,::1,Mozilla/5.0 (Windows NT 10.0; Win64; x64) AppleWebKit/537.36 (KHTML, like Gecko) Chrome/111.0.0.0 Safari/537.36,http://localhost/fullstack1/Clase4/Proyecto/76-Proyecto/admin/panel.php?tabla=categorias,,tabla:categorias|,carrito:[["1","1"],["2","1"],["1","1"]]|usuario:josevicente|
1680175927,2023,03,30,13,32,07,::1,Mozilla/5.0 (Windows NT 10.0; Win64; x64) AppleWebKit/537.36 (KHTML, like Gecko) Chrome/111.0.0.0 Safari/537.36,http://localhost/fullstack1/Clase4/Proyecto/76-Proyecto/admin/panel.php?tabla=lineaspedido,,tabla:lineaspedido|,carrito:[["1","1"],["2","1"],["1","1"]]|usuario:josevicente|
1680175928,2023,03,30,13,32,08,::1,Mozilla/5.0 (Windows NT 10.0; Win64; x64) AppleWebKit/537.36 (KHTML, like Gecko) Chrome/111.0.0.0 Safari/537.36,http://localhost/fullstack1/Clase4/Proyecto/76-Proyecto/admin/panel.php?tabla=pedidos,,tabla:pedidos|,carrito:[["1","1"],["2","1"],["1","1"]]|usuario:josevicente|
1680175928,2023,03,30,13,32,08,::1,Mozilla/5.0 (Windows NT 10.0; Win64; x64) AppleWebKit/537.36 (KHTML, like Gecko) Chrome/111.0.0.0 Safari/537.36,http://localhost/fullstack1/Clase4/Proyecto/76-Proyecto/admin/panel.php?tabla=productos,,tabla:productos|,carrito:[["1","1"],["2","1"],["1","1"]]|usuario:josevicente|
1680175929,2023,03,30,13,32,09,::1,Mozilla/5.0 (Windows NT 10.0; Win64; x64) AppleWebKit/537.36 (KHTML, like Gecko) Chrome/111.0.0.0 Safari/537.36,http://localhost/fullstack1/Clase4/Proyecto/76-Proyecto/admin/panel.php?tabla=usuarios,,tabla:usuarios|,carrito:[["1","1"],["2","1"],["1","1"]]|usuario:josevicente|
1680175951,2023,03,30,13,32,31,::1,Mozilla/5.0 (Windows NT 10.0; Win64; x64) AppleWebKit/537.36 (KHTML, like Gecko) Chrome/111.0.0.0 Safari/537.36,http://localhost/fullstack1/Clase4/Proyecto/76-Proyecto/admin/panel.php?tabla=productos,,tabla:productos|,carrito:[["1","1"],["2","1"],["1","1"]]|usuario:josevicente|
1680175953,2023,03,30,13,32,33,::1,Mozilla/5.0 (Windows NT 10.0; Win64; x64) AppleWebKit/537.36 (KHTML, like Gecko) Chrome/111.0.0.0 Safari/537.36,http://localhost/fullstack1/Clase4/Proyecto/76-Proyecto/admin/panel.php?operacion=crear&tabla=productos,,operacion:crear|tabla:productos|,carrito:[["1","1"],["2","1"],["1","1"]]|usuario:josevicente|
1680175963,2023,03,30,13,32,43,::1,Mozilla/5.0 (Windows NT 10.0; Win64; x64) AppleWebKit/537.36 (KHTML, like Gecko) Chrome/111.0.0.0 Safari/537.36,http://localhost/fullstack1/Clase4/Proyecto/76-Proyecto/admin/panel.php?operacion=procesacrear&tabla=productos,Identificador:|nombre:otros pantalones|descripcion:otros pantalones|precio:11|imagen:|existencias:11|,operacion:procesacrear|tabla:productos|,carrito:[["1","1"],["2","1"],["1","1"]]|usuario:josevicente|
1680175968,2023,03,30,13,32,48,::1,Mozilla/5.0 (Windows NT 10.0; Win64; x64) AppleWebKit/537.36 (KHTML, like Gecko) Chrome/111.0.0.0 Safari/537.36,http://localhost/fullstack1/Clase4/Proyecto/76-Proyecto/admin/panel.php?tabla=productos,,tabla:productos|,carrito:[["1","1"],["2","1"],["1","1"]]|usuario:josevicente|
1680594902,2023,04,04,09,55,02,::1,Mozilla/5.0 (Windows NT 10.0; Win64; x64) AppleWebKit/537.36 (KHTML, like Gecko) Chrome/111.0.0.0 Safari/537.36,http://localhost/fullstack1/Clase5/Proyectos/78-Proyecto/admin/panel.php?tabla=clientes,,tabla:clientes|,carrito:[]|usuario:josevicente|
1680594903,2023,04,04,09,55,03,::1,Mozilla/5.0 (Windows NT 10.0; Win64; x64) AppleWebKit/537.36 (KHTML, like Gecko) Chrome/111.0.0.0 Safari/537.36,http://localhost/fullstack1/Clase5/Proyectos/78-Proyecto/admin/panel.php?tabla=destacados,,tabla:destacados|,carrito:[]|usuario:josevicente|
1680594904,2023,04,04,09,55,04,::1,Mozilla/5.0 (Windows NT 10.0; Win64; x64) AppleWebKit/537.36 (KHTML, like Gecko) Chrome/111.0.0.0 Safari/537.36,http://localhost/fullstack1/Clase5/Proyectos/78-Proyecto/admin/panel.php?tabla=lineaspedido,,tabla:lineaspedido|,carrito:[]|usuario:josevicente|
1680594905,2023,04,04,09,55,05,::1,Mozilla/5.0 (Windows NT 10.0; Win64; x64) AppleWebKit/537.36 (KHTML, like Gecko) Chrome/111.0.0.0 Safari/537.36,http://localhost/fullstack1/Clase5/Proyectos/78-Proyecto/admin/panel.php?tabla=pedidos,,tabla:pedidos|,carrito:[]|usuario:josevicente|
1680594907,2023,04,04,09,55,07,::1,Mozilla/5.0 (Windows NT 10.0; Win64; x64) AppleWebKit/537.36 (KHTML, like Gecko) Chrome/111.0.0.0 Safari/537.36,http://localhost/fullstack1/Clase5/Proyectos/78-Proyecto/admin/panel.php?tabla=productos,,tabla:productos|,carrito:[]|usuario:josevicente|
1680595239,2023,04,04,10,00,39,::1,Mozilla/5.0 (Windows NT 10.0; Win64; x64) AppleWebKit/537.36 (KHTML, like Gecko) Chrome/111.0.0.0 Safari/537.36,http://localhost/fullstack1/Clase5/Proyectos/78-Proyecto/admin/panel.php?tabla=blog,,tabla:blog|,carrito:[]|usuario:josevicente|
1680595241,2023,04,04,10,00,41,::1,Mozilla/5.0 (Windows NT 10.0; Win64; x64) AppleWebKit/537.36 (KHTML, like Gecko) Chrome/111.0.0.0 Safari/537.36,http://localhost/fullstack1/Clase5/Proyectos/78-Proyecto/admin/panel.php?tabla=blogcategorias,,tabla:blogcategorias|,carrito:[]|usuario:josevicente|
1680595384,2023,04,04,10,03,04,::1,Mozilla/5.0 (Windows NT 10.0; Win64; x64) AppleWebKit/537.36 (KHTML, like Gecko) Chrome/111.0.0.0 Safari/537.36,http://localhost/fullstack1/Clase5/Proyectos/78-Proyecto/admin/panel.php?operacion=crear&tabla=blogcategorias,,operacion:crear|tabla:blogcategorias|,carrito:[]|usuario:josevicente|
1680595465,2023,04,04,10,04,25,::1,Mozilla/5.0 (Windows NT 10.0; Win64; x64) AppleWebKit/537.36 (KHTML, like Gecko) Chrome/111.0.0.0 Safari/537.36,http://localhost/fullstack1/Clase5/Proyectos/78-Proyecto/admin/panel.php?operacion=crear&tabla=blogcategorias,,operacion:crear|tabla:blogcategorias|,carrito:[]|usuario:josevicente|
1680595476,2023,04,04,10,04,36,::1,Mozilla/5.0 (Windows NT 10.0; Win64; x64) AppleWebKit/537.36 (KHTML, like Gecko) Chrome/111.0.0.0 Safari/537.36,http://localhost/fullstack1/Clase5/Proyectos/78-Proyecto/admin/panel.php?operacion=crear&tabla=blogcategorias,,operacion:crear|tabla:blogcategorias|,carrito:[]|usuario:josevicente|
1680595482,2023,04,04,10,04,42,::1,Mozilla/5.0 (Windows NT 10.0; Win64; x64) AppleWebKit/537.36 (KHTML, like Gecko) Chrome/111.0.0.0 Safari/537.36,http://localhost/fullstack1/Clase5/Proyectos/78-Proyecto/admin/panel.php?operacion=procesacrear&tabla=blogcategorias,Identificador:|categoria:Principal|FK_blogcategorias_categoria:|,operacion:procesacrear|tabla:blogcategorias|,carrito:[]|usuario:josevicente|
1680595487,2023,04,04,10,04,47,::1,Mozilla/5.0 (Windows NT 10.0; Win64; x64) AppleWebKit/537.36 (KHTML, like Gecko) Chrome/111.0.0.0 Safari/537.36,http://localhost/fullstack1/Clase5/Proyectos/78-Proyecto/admin/panel.php?tabla=blogcategorias,,tabla:blogcategorias|,carrito:[]|usuario:josevicente|
1680595523,2023,04,04,10,05,23,::1,Mozilla/5.0 (Windows NT 10.0; Win64; x64) AppleWebKit/537.36 (KHTML, like Gecko) Chrome/111.0.0.0 Safari/537.36,http://localhost/fullstack1/Clase5/Proyectos/78-Proyecto/admin/panel.php?tabla=blog,,tabla:blog|,carrito:[]|usuario:josevicente|
1680595525,2023,04,04,10,05,25,::1,Mozilla/5.0 (Windows NT 10.0; Win64; x64) AppleWebKit/537.36 (KHTML, like Gecko) Chrome/111.0.0.0 Safari/537.36,http://localhost/fullstack1/Clase5/Proyectos/78-Proyecto/admin/panel.php?operacion=crear&tabla=blog,,operacion:crear|tabla:blog|,carrito:[]|usuario:josevicente|
1680595533,2023,04,04,10,05,33,::1,Mozilla/5.0 (Windows NT 10.0; Win64; x64) AppleWebKit/537.36 (KHTML, like Gecko) Chrome/111.0.0.0 Safari/537.36,http://localhost/fullstack1/Clase5/Proyectos/78-Proyecto/admin/panel.php?operacion=procesacrear&tabla=blog,Identificador:|titulo:|texto:|fecha:|FK_usuarios_nombre:|imagen:|FK_blogcategorias_categoria:|,operacion:procesacrear|tabla:blog|,carrito:[]|usuario:josevicente|
1680595562,2023,04,04,10,06,02,::1,Mozilla/5.0 (Windows NT 10.0; Win64; x64) AppleWebKit/537.36 (KHTML, like Gecko) Chrome/111.0.0.0 Safari/537.36,http://localhost/fullstack1/Clase5/Proyectos/78-Proyecto/admin/panel.php?tabla=blog,,tabla:blog|,carrito:[]|usuario:josevicente|
1680595564,2023,04,04,10,06,04,::1,Mozilla/5.0 (Windows NT 10.0; Win64; x64) AppleWebKit/537.36 (KHTML, like Gecko) Chrome/111.0.0.0 Safari/537.36,http://localhost/fullstack1/Clase5/Proyectos/78-Proyecto/admin/panel.php?operacion=crear&tabla=blog,,operacion:crear|tabla:blog|,carrito:[]|usuario:josevicente|
1680595624,2023,04,04,10,07,04,::1,Mozilla/5.0 (Windows NT 10.0; Win64; x64) AppleWebKit/537.36 (KHTML, like Gecko) Chrome/111.0.0.0 Safari/537.36,http://localhost/fullstack1/Clase5/Proyectos/78-Proyecto/admin/panel.php?operacion=procesacrear&tabla=blog,Identificador:|titulo:Primer articulo|texto:Este es el texto del primer articulo|fecha:1680595592|FK_usuarios_nombre:1|imagen:|FK_blogcategorias_categoria:1|,operacion:procesacrear|tabla:blog|,carrito:[]|usuario:josevicente|
1680595629,2023,04,04,10,07,09,::1,Mozilla/5.0 (Windows NT 10.0; Win64; x64) AppleWebKit/537.36 (KHTML, like Gecko) Chrome/111.0.0.0 Safari/537.36,http://localhost/fullstack1/Clase5/Proyectos/78-Proyecto/admin/panel.php?tabla=blog,,tabla:blog|,carrito:[]|usuario:josevicente|
1680596043,2023,04,04,10,14,03,::1,Mozilla/5.0 (Windows NT 10.0; Win64; x64) AppleWebKit/537.36 (KHTML, like Gecko) Chrome/111.0.0.0 Safari/537.36,http://localhost/fullstack1/Clase5/Proyectos/80-Proyecto/admin/panel.php?tabla=paginas,,tabla:paginas|,carrito:[]|usuario:josevicente|
1680596049,2023,04,04,10,14,09,::1,Mozilla/5.0 (Windows NT 10.0; Win64; x64) AppleWebKit/537.36 (KHTML, like Gecko) Chrome/111.0.0.0 Safari/537.36,http://localhost/fullstack1/Clase5/Proyectos/80-Proyecto/admin/panel.php?operacion=crear&tabla=paginas,,operacion:crear|tabla:paginas|,carrito:[]|usuario:josevicente|
1680596069,2023,04,04,10,14,29,::1,Mozilla/5.0 (Windows NT 10.0; Win64; x64) AppleWebKit/537.36 (KHTML, like Gecko) Chrome/111.0.0.0 Safari/537.36,http://localhost/fullstack1/Clase5/Proyectos/80-Proyecto/admin/panel.php?operacion=procesacrear&tabla=paginas,Identificador:|titulo:Sobre mi|texto:En esta página te voy a hablar sobre mi|imagen:|,operacion:procesacrear|tabla:paginas|,carrito:[]|usuario:josevicente|
1680596074,2023,04,04,10,14,34,::1,Mozilla/5.0 (Windows NT 10.0; Win64; x64) AppleWebKit/537.36 (KHTML, like Gecko) Chrome/111.0.0.0 Safari/537.36,http://localhost/fullstack1/Clase5/Proyectos/80-Proyecto/admin/panel.php?tabla=paginas,,tabla:paginas|,carrito:[]|usuario:josevicente|
1680596125,2023,04,04,10,15,25,::1,Mozilla/5.0 (Windows NT 10.0; Win64; x64) AppleWebKit/537.36 (KHTML, like Gecko) Chrome/111.0.0.0 Safari/537.36,http://localhost/fullstack1/Clase5/Proyectos/80-Proyecto/admin/panel.php?tabla=paginas,,tabla:paginas|,carrito:[]|usuario:josevicente|
1680596137,2023,04,04,10,15,37,::1,Mozilla/5.0 (Windows NT 10.0; Win64; x64) AppleWebKit/537.36 (KHTML, like Gecko) Chrome/111.0.0.0 Safari/537.36,http://localhost/fullstack1/Clase5/Proyectos/80-Proyecto/admin/panel.php?tabla=paginas,,tabla:paginas|,carrito:[]|usuario:josevicente|
1680596138,2023,04,04,10,15,38,::1,Mozilla/5.0 (Windows NT 10.0; Win64; x64) AppleWebKit/537.36 (KHTML, like Gecko) Chrome/111.0.0.0 Safari/537.36,http://localhost/fullstack1/Clase5/Proyectos/80-Proyecto/admin/panel.php?operacion=crear&tabla=paginas,,operacion:crear|tabla:paginas|,carrito:[]|usuario:josevicente|
1680596159,2023,04,04,10,15,59,::1,Mozilla/5.0 (Windows NT 10.0; Win64; x64) AppleWebKit/537.36 (KHTML, like Gecko) Chrome/111.0.0.0 Safari/537.36,http://localhost/fullstack1/Clase5/Proyectos/80-Proyecto/admin/panel.php?operacion=procesacrear&tabla=paginas,Identificador:|titulo:Servicios|texto:Esta es la página de info de nuestros servicios|imagen:|,operacion:procesacrear|tabla:paginas|,carrito:[]|usuario:josevicente|
1680596164,2023,04,04,10,16,04,::1,Mozilla/5.0 (Windows NT 10.0; Win64; x64) AppleWebKit/537.36 (KHTML, like Gecko) Chrome/111.0.0.0 Safari/537.36,http://localhost/fullstack1/Clase5/Proyectos/80-Proyecto/admin/panel.php?tabla=paginas,,tabla:paginas|,carrito:[]|usuario:josevicente|
1680596919,2023,04,04,10,28,39,::1,Mozilla/5.0 (Windows NT 10.0; Win64; x64) AppleWebKit/537.36 (KHTML, like Gecko) Chrome/111.0.0.0 Safari/537.36,http://localhost/fullstack1/Clase5/Proyectos/83-Proyecto/admin/panel.php,,,carrito:[]|usuario:josevicente|
1680596967,2023,04,04,10,29,27,::1,Mozilla/5.0 (Windows NT 10.0; Win64; x64) AppleWebKit/537.36 (KHTML, like Gecko) Chrome/111.0.0.0 Safari/537.36,http://localhost/fullstack1/Clase5/Proyectos/83-Proyecto/admin/panel.php,,,carrito:[]|usuario:josevicente|
1680596979,2023,04,04,10,29,39,::1,Mozilla/5.0 (Windows NT 10.0; Win64; x64) AppleWebKit/537.36 (KHTML, like Gecko) Chrome/111.0.0.0 Safari/537.36,http://localhost/fullstack1/Clase5/Proyectos/83-Proyecto/admin/panel.php,,,carrito:[]|usuario:josevicente|
1680596985,2023,04,04,10,29,45,::1,Mozilla/5.0 (Windows NT 10.0; Win64; x64) AppleWebKit/537.36 (KHTML, like Gecko) Chrome/111.0.0.0 Safari/537.36,http://localhost/fullstack1/Clase5/Proyectos/83-Proyecto/admin/panel.php?tabla=blog,,tabla:blog|,carrito:[]|usuario:josevicente|
1680596986,2023,04,04,10,29,46,::1,Mozilla/5.0 (Windows NT 10.0; Win64; x64) AppleWebKit/537.36 (KHTML, like Gecko) Chrome/111.0.0.0 Safari/537.36,http://localhost/fullstack1/Clase5/Proyectos/83-Proyecto/admin/panel.php?tabla=blogcategorias,,tabla:blogcategorias|,carrito:[]|usuario:josevicente|
1680596987,2023,04,04,10,29,47,::1,Mozilla/5.0 (Windows NT 10.0; Win64; x64) AppleWebKit/537.36 (KHTML, like Gecko) Chrome/111.0.0.0 Safari/537.36,http://localhost/fullstack1/Clase5/Proyectos/83-Proyecto/admin/panel.php?tabla=categorias,,tabla:categorias|,carrito:[]|usuario:josevicente|
1680596987,2023,04,04,10,29,47,::1,Mozilla/5.0 (Windows NT 10.0; Win64; x64) AppleWebKit/537.36 (KHTML, like Gecko) Chrome/111.0.0.0 Safari/537.36,http://localhost/fullstack1/Clase5/Proyectos/83-Proyecto/admin/panel.php?tabla=clientes,,tabla:clientes|,carrito:[]|usuario:josevicente|
1680596990,2023,04,04,10,29,50,::1,Mozilla/5.0 (Windows NT 10.0; Win64; x64) AppleWebKit/537.36 (KHTML, like Gecko) Chrome/111.0.0.0 Safari/537.36,http://localhost/fullstack1/Clase5/Proyectos/83-Proyecto/admin/panel.php,,,carrito:[]|usuario:josevicente|
1680597062,2023,04,04,10,31,02,::1,Mozilla/5.0 (Windows NT 10.0; Win64; x64) AppleWebKit/537.36 (KHTML, like Gecko) Chrome/111.0.0.0 Safari/537.36,http://localhost/fullstack1/Clase5/Proyectos/84-Proyecto/admin/panel.php,,,carrito:[]|usuario:josevicente|
1680597153,2023,04,04,10,32,33,::1,Mozilla/5.0 (Windows NT 10.0; Win64; x64) AppleWebKit/537.36 (KHTML, like Gecko) Chrome/111.0.0.0 Safari/537.36,http://localhost/fullstack1/Clase5/Proyectos/84-Proyecto/admin/panel.php,,,carrito:[]|usuario:josevicente|
1680597169,2023,04,04,10,32,49,::1,Mozilla/5.0 (Windows NT 10.0; Win64; x64) AppleWebKit/537.36 (KHTML, like Gecko) Chrome/111.0.0.0 Safari/537.36,http://localhost/fullstack1/Clase5/Proyectos/84-Proyecto/admin/panel.php,,,carrito:[]|usuario:josevicente|
1680597183,2023,04,04,10,33,03,::1,Mozilla/5.0 (Windows NT 10.0; Win64; x64) AppleWebKit/537.36 (KHTML, like Gecko) Chrome/111.0.0.0 Safari/537.36,http://localhost/fullstack1/Clase5/Proyectos/84-Proyecto/admin/panel.php,,,carrito:[]|usuario:josevicente|
1680597199,2023,04,04,10,33,19,::1,Mozilla/5.0 (Windows NT 10.0; Win64; x64) AppleWebKit/537.36 (KHTML, like Gecko) Chrome/111.0.0.0 Safari/537.36,http://localhost/fullstack1/Clase5/Proyectos/84-Proyecto/admin/panel.php,,,carrito:[]|usuario:josevicente|
1680597200,2023,04,04,10,33,20,::1,Mozilla/5.0 (Windows NT 10.0; Win64; x64) AppleWebKit/537.36 (KHTML, like Gecko) Chrome/111.0.0.0 Safari/537.36,http://localhost/fullstack1/Clase5/Proyectos/84-Proyecto/admin/panel.php,,,carrito:[]|usuario:josevicente|
1680597247,2023,04,04,10,34,07,::1,Mozilla/5.0 (Windows NT 10.0; Win64; x64) AppleWebKit/537.36 (KHTML, like Gecko) Chrome/111.0.0.0 Safari/537.36,http://localhost/fullstack1/Clase5/Proyectos/84-Proyecto/admin/panel.php,,,carrito:[]|usuario:josevicente|
1680597264,2023,04,04,10,34,24,::1,Mozilla/5.0 (Windows NT 10.0; Win64; x64) AppleWebKit/537.36 (KHTML, like Gecko) Chrome/111.0.0.0 Safari/537.36,http://localhost/fullstack1/Clase5/Proyectos/84-Proyecto/admin/panel.php,,,carrito:[]|usuario:josevicente|
1680597300,2023,04,04,10,35,00,::1,Mozilla/5.0 (Windows NT 10.0; Win64; x64) AppleWebKit/537.36 (KHTML, like Gecko) Chrome/111.0.0.0 Safari/537.36,http://localhost/fullstack1/Clase5/Proyectos/84-Proyecto/admin/panel.php,,,carrito:[]|usuario:josevicente|
1680597319,2023,04,04,10,35,19,::1,Mozilla/5.0 (Windows NT 10.0; Win64; x64) AppleWebKit/537.36 (KHTML, like Gecko) Chrome/111.0.0.0 Safari/537.36,http://localhost/fullstack1/Clase5/Proyectos/84-Proyecto/admin/panel.php,,,carrito:[]|usuario:josevicente|
1680597328,2023,04,04,10,35,28,::1,Mozilla/5.0 (Windows NT 10.0; Win64; x64) AppleWebKit/537.36 (KHTML, like Gecko) Chrome/111.0.0.0 Safari/537.36,http://localhost/fullstack1/Clase5/Proyectos/84-Proyecto/admin/panel.php,,,carrito:[]|usuario:josevicente|
1680597332,2023,04,04,10,35,32,::1,Mozilla/5.0 (Windows NT 10.0; Win64; x64) AppleWebKit/537.36 (KHTML, like Gecko) Chrome/111.0.0.0 Safari/537.36,http://localhost/fullstack1/Clase5/Proyectos/84-Proyecto/admin/panel.php,,,carrito:[]|usuario:josevicente|
1680597333,2023,04,04,10,35,33,::1,Mozilla/5.0 (Windows NT 10.0; Win64; x64) AppleWebKit/537.36 (KHTML, like Gecko) Chrome/111.0.0.0 Safari/537.36,http://localhost/fullstack1/Clase5/Proyectos/84-Proyecto/admin/panel.php,,,carrito:[]|usuario:josevicente|
1680597346,2023,04,04,10,35,46,::1,Mozilla/5.0 (Windows NT 10.0; Win64; x64) AppleWebKit/537.36 (KHTML, like Gecko) Chrome/111.0.0.0 Safari/537.36,http://localhost/fullstack1/Clase5/Proyectos/84-Proyecto/admin/panel.php,,,carrito:[]|usuario:josevicente|
1680597435,2023,04,04,10,37,15,::1,Mozilla/5.0 (Windows NT 10.0; Win64; x64) AppleWebKit/537.36 (KHTML, like Gecko) Chrome/111.0.0.0 Safari/537.36,http://localhost/fullstack1/Clase5/Proyectos/85-Proyecto/admin/panel.php,,,carrito:[]|usuario:josevicente|
1680597441,2023,04,04,10,37,21,::1,Mozilla/5.0 (Windows NT 10.0; Win64; x64) AppleWebKit/537.36 (KHTML, like Gecko) Chrome/111.0.0.0 Safari/537.36,http://localhost/fullstack1/Clase5/Proyectos/85-Proyecto/admin/panel.php?tabla=blog,,tabla:blog|,carrito:[]|usuario:josevicente|
1680597442,2023,04,04,10,37,22,::1,Mozilla/5.0 (Windows NT 10.0; Win64; x64) AppleWebKit/537.36 (KHTML, like Gecko) Chrome/111.0.0.0 Safari/537.36,http://localhost/fullstack1/Clase5/Proyectos/85-Proyecto/admin/panel.php?operacion=crear&tabla=blog,,operacion:crear|tabla:blog|,carrito:[]|usuario:josevicente|
1680597466,2023,04,04,10,37,46,::1,Mozilla/5.0 (Windows NT 10.0; Win64; x64) AppleWebKit/537.36 (KHTML, like Gecko) Chrome/111.0.0.0 Safari/537.36,http://localhost/fullstack1/Clase5/Proyectos/85-Proyecto/admin/panel.php?tabla=pedidos,,tabla:pedidos|,carrito:[]|usuario:josevicente|
1680597467,2023,04,04,10,37,47,::1,Mozilla/5.0 (Windows NT 10.0; Win64; x64) AppleWebKit/537.36 (KHTML, like Gecko) Chrome/111.0.0.0 Safari/537.36,http://localhost/fullstack1/Clase5/Proyectos/85-Proyecto/admin/panel.php?operacion=crear&tabla=pedidos,,operacion:crear|tabla:pedidos|,carrito:[]|usuario:josevicente|
1680597472,2023,04,04,10,37,52,::1,Mozilla/5.0 (Windows NT 10.0; Win64; x64) AppleWebKit/537.36 (KHTML, like Gecko) Chrome/111.0.0.0 Safari/537.36,http://localhost/fullstack1/Clase5/Proyectos/85-Proyecto/admin/panel.php?tabla=lineaspedido,,tabla:lineaspedido|,carrito:[]|usuario:josevicente|
1680597473,2023,04,04,10,37,53,::1,Mozilla/5.0 (Windows NT 10.0; Win64; x64) AppleWebKit/537.36 (KHTML, like Gecko) Chrome/111.0.0.0 Safari/537.36,http://localhost/fullstack1/Clase5/Proyectos/85-Proyecto/admin/panel.php?operacion=crear&tabla=lineaspedido,,operacion:crear|tabla:lineaspedido|,carrito:[]|usuario:josevicente|
1680597576,2023,04,04,10,39,36,::1,Mozilla/5.0 (Windows NT 10.0; Win64; x64) AppleWebKit/537.36 (KHTML, like Gecko) Chrome/111.0.0.0 Safari/537.36,http://localhost/fullstack1/Clase5/Proyectos/85-Proyecto/admin/panel.php?operacion=crear&tabla=lineaspedido,,operacion:crear|tabla:lineaspedido|,carrito:[]|usuario:josevicente|
1680597825,2023,04,04,10,43,45,::1,Mozilla/5.0 (Windows NT 10.0; Win64; x64) AppleWebKit/537.36 (KHTML, like Gecko) Chrome/111.0.0.0 Safari/537.36,http://localhost/fullstack1/Clase5/Proyectos/85-Proyecto/admin/panel.php?operacion=crear&tabla=lineaspedido,,operacion:crear|tabla:lineaspedido|,carrito:[]|usuario:josevicente|
1680597831,2023,04,04,10,43,51,::1,Mozilla/5.0 (Windows NT 10.0; Win64; x64) AppleWebKit/537.36 (KHTML, like Gecko) Chrome/111.0.0.0 Safari/537.36,http://localhost/fullstack1/Clase5/Proyectos/85-Proyecto/admin/panel.php?operacion=crear&tabla=lineaspedido,,operacion:crear|tabla:lineaspedido|,carrito:[]|usuario:josevicente|
1680597860,2023,04,04,10,44,20,::1,Mozilla/5.0 (Windows NT 10.0; Win64; x64) AppleWebKit/537.36 (KHTML, like Gecko) Chrome/111.0.0.0 Safari/537.36,http://localhost/fullstack1/Clase5/Proyectos/85-Proyecto/admin/panel.php?tabla=blog,,tabla:blog|,carrito:[]|usuario:josevicente|
1680597862,2023,04,04,10,44,22,::1,Mozilla/5.0 (Windows NT 10.0; Win64; x64) AppleWebKit/537.36 (KHTML, like Gecko) Chrome/111.0.0.0 Safari/537.36,http://localhost/fullstack1/Clase5/Proyectos/85-Proyecto/admin/panel.php?operacion=crear&tabla=blog,,operacion:crear|tabla:blog|,carrito:[]|usuario:josevicente|
1680598053,2023,04,04,10,47,33,::1,Mozilla/5.0 (Windows NT 10.0; Win64; x64) AppleWebKit/537.36 (KHTML, like Gecko) Chrome/111.0.0.0 Safari/537.36,http://localhost/fullstack1/Clase5/Proyectos/86-Proyecto/admin/panel.php,,,carrito:[]|usuario:josevicente|
1680598055,2023,04,04,10,47,35,::1,Mozilla/5.0 (Windows NT 10.0; Win64; x64) AppleWebKit/537.36 (KHTML, like Gecko) Chrome/111.0.0.0 Safari/537.36,http://localhost/fullstack1/Clase5/Proyectos/86-Proyecto/admin/panel.php?tabla=blog,,tabla:blog|,carrito:[]|usuario:josevicente|
1680598057,2023,04,04,10,47,37,::1,Mozilla/5.0 (Windows NT 10.0; Win64; x64) AppleWebKit/537.36 (KHTML, like Gecko) Chrome/111.0.0.0 Safari/537.36,http://localhost/fullstack1/Clase5/Proyectos/86-Proyecto/admin/panel.php?operacion=crear&tabla=blog,,operacion:crear|tabla:blog|,carrito:[]|usuario:josevicente|
1680598081,2023,04,04,10,48,01,::1,Mozilla/5.0 (Windows NT 10.0; Win64; x64) AppleWebKit/537.36 (KHTML, like Gecko) Chrome/111.0.0.0 Safari/537.36,http://localhost/fullstack1/Clase5/Proyectos/86-Proyecto/admin/panel.php?operacion=crear&tabla=blog,,operacion:crear|tabla:blog|,carrito:[]|usuario:josevicente|
1680598145,2023,04,04,10,49,05,::1,Mozilla/5.0 (Windows NT 10.0; Win64; x64) AppleWebKit/537.36 (KHTML, like Gecko) Chrome/111.0.0.0 Safari/537.36,http://localhost/fullstack1/Clase5/Proyectos/86-Proyecto/admin/panel.php?operacion=crear&tabla=blog,,operacion:crear|tabla:blog|,carrito:[]|usuario:josevicente|
1680598178,2023,04,04,10,49,38,::1,Mozilla/5.0 (Windows NT 10.0; Win64; x64) AppleWebKit/537.36 (KHTML, like Gecko) Chrome/111.0.0.0 Safari/537.36,http://localhost/fullstack1/Clase5/Proyectos/86-Proyecto/admin/panel.php?operacion=crear&tabla=blog,,operacion:crear|tabla:blog|,carrito:[]|usuario:josevicente|
1680598273,2023,04,04,10,51,13,::1,Mozilla/5.0 (Windows NT 10.0; Win64; x64) AppleWebKit/537.36 (KHTML, like Gecko) Chrome/111.0.0.0 Safari/537.36,http://localhost/fullstack1/Clase5/Proyectos/86-Proyecto/admin/panel.php?tabla=blog,,tabla:blog|,carrito:[]|usuario:josevicente|
1680598278,2023,04,04,10,51,18,::1,Mozilla/5.0 (Windows NT 10.0; Win64; x64) AppleWebKit/537.36 (KHTML, like Gecko) Chrome/111.0.0.0 Safari/537.36,http://localhost/fullstack1/Clase5/Proyectos/86-Proyecto/admin/panel.php?tabla=categorias,,tabla:categorias|,carrito:[]|usuario:josevicente|
1680598280,2023,04,04,10,51,20,::1,Mozilla/5.0 (Windows NT 10.0; Win64; x64) AppleWebKit/537.36 (KHTML, like Gecko) Chrome/111.0.0.0 Safari/537.36,http://localhost/fullstack1/Clase5/Proyectos/86-Proyecto/admin/panel.php?tabla=blog,,tabla:blog|,carrito:[]|usuario:josevicente|
1680598304,2023,04,04,10,51,44,::1,Mozilla/5.0 (Windows NT 10.0; Win64; x64) AppleWebKit/537.36 (KHTML, like Gecko) Chrome/111.0.0.0 Safari/537.36,http://localhost/fullstack1/Clase5/Proyectos/86-Proyecto/admin/panel.php?tabla=blog,,tabla:blog|,carrito:[]|usuario:josevicente|
1680598305,2023,04,04,10,51,45,::1,Mozilla/5.0 (Windows NT 10.0; Win64; x64) AppleWebKit/537.36 (KHTML, like Gecko) Chrome/111.0.0.0 Safari/537.36,http://localhost/fullstack1/Clase5/Proyectos/86-Proyecto/admin/panel.php?tabla=blogcategorias,,tabla:blogcategorias|,carrito:[]|usuario:josevicente|
1680598306,2023,04,04,10,51,46,::1,Mozilla/5.0 (Windows NT 10.0; Win64; x64) AppleWebKit/537.36 (KHTML, like Gecko) Chrome/111.0.0.0 Safari/537.36,http://localhost/fullstack1/Clase5/Proyectos/86-Proyecto/admin/panel.php?tabla=categorias,,tabla:categorias|,carrito:[]|usuario:josevicente|
1680598307,2023,04,04,10,51,47,::1,Mozilla/5.0 (Windows NT 10.0; Win64; x64) AppleWebKit/537.36 (KHTML, like Gecko) Chrome/111.0.0.0 Safari/537.36,http://localhost/fullstack1/Clase5/Proyectos/86-Proyecto/admin/panel.php?tabla=clientes,,tabla:clientes|,carrito:[]|usuario:josevicente|
1680599860,2023,04,04,11,17,40,::1,Mozilla/5.0 (Windows NT 10.0; Win64; x64) AppleWebKit/537.36 (KHTML, like Gecko) Chrome/111.0.0.0 Safari/537.36,http://localhost/fullstack1/Clase5/Proyectos/93-Proyecto/admin/panel.php,,,carrito:[]|usuario:josevicente|
1680599861,2023,04,04,11,17,41,::1,Mozilla/5.0 (Windows NT 10.0; Win64; x64) AppleWebKit/537.36 (KHTML, like Gecko) Chrome/111.0.0.0 Safari/537.36,http://localhost/fullstack1/Clase5/Proyectos/93-Proyecto/admin/panel.php?tabla=contacto,,tabla:contacto|,carrito:[]|usuario:josevicente|
1680601096,2023,04,04,11,38,16,::1,Mozilla/5.0 (Windows NT 10.0; Win64; x64) AppleWebKit/537.36 (KHTML, like Gecko) Chrome/111.0.0.0 Safari/537.36,http://localhost/fullstack1/Clase5/Proyectos/96-Proyecto/admin/panel.php,,,carrito:[]|usuario:josevicente|
1680601220,2023,04,04,11,40,20,::1,Mozilla/5.0 (Windows NT 10.0; Win64; x64) AppleWebKit/537.36 (KHTML, like Gecko) Chrome/111.0.0.0 Safari/537.36,http://localhost/fullstack1/Clase5/Proyectos/96-Proyecto/admin/panel.php?tabla=categorias,,tabla:categorias|,carrito:[]|usuario:josevicente|
1680601222,2023,04,04,11,40,22,::1,Mozilla/5.0 (Windows NT 10.0; Win64; x64) AppleWebKit/537.36 (KHTML, like Gecko) Chrome/111.0.0.0 Safari/537.36,http://localhost/fullstack1/Clase5/Proyectos/96-Proyecto/admin/panel.php?tabla=categorias,,tabla:categorias|,carrito:[]|usuario:josevicente|
1680601223,2023,04,04,11,40,23,::1,Mozilla/5.0 (Windows NT 10.0; Win64; x64) AppleWebKit/537.36 (KHTML, like Gecko) Chrome/111.0.0.0 Safari/537.36,http://localhost/fullstack1/Clase5/Proyectos/96-Proyecto/admin/panel.php?tabla=clientes,,tabla:clientes|,carrito:[]|usuario:josevicente|
1680601225,2023,04,04,11,40,25,::1,Mozilla/5.0 (Windows NT 10.0; Win64; x64) AppleWebKit/537.36 (KHTML, like Gecko) Chrome/111.0.0.0 Safari/537.36,http://localhost/fullstack1/Clase5/Proyectos/96-Proyecto/admin/panel.php?tabla=categorias,,tabla:categorias|,carrito:[]|usuario:josevicente|
1680601226,2023,04,04,11,40,26,::1,Mozilla/5.0 (Windows NT 10.0; Win64; x64) AppleWebKit/537.36 (KHTML, like Gecko) Chrome/111.0.0.0 Safari/537.36,http://localhost/fullstack1/Clase5/Proyectos/96-Proyecto/admin/panel.php?operacion=ver&tabla=categorias&id=1,,operacion:ver|tabla:categorias|id:1|,carrito:[]|usuario:josevicente|
1680601227,2023,04,04,11,40,27,::1,Mozilla/5.0 (Windows NT 10.0; Win64; x64) AppleWebKit/537.36 (KHTML, like Gecko) Chrome/111.0.0.0 Safari/537.36,http://localhost/fullstack1/Clase5/Proyectos/96-Proyecto/admin/panel.php?tabla=blogcategorias,,tabla:blogcategorias|,carrito:[]|usuario:josevicente|
1680601227,2023,04,04,11,40,27,::1,Mozilla/5.0 (Windows NT 10.0; Win64; x64) AppleWebKit/537.36 (KHTML, like Gecko) Chrome/111.0.0.0 Safari/537.36,http://localhost/fullstack1/Clase5/Proyectos/96-Proyecto/admin/panel.php?tabla=blog,,tabla:blog|,carrito:[]|usuario:josevicente|
1680601228,2023,04,04,11,40,28,::1,Mozilla/5.0 (Windows NT 10.0; Win64; x64) AppleWebKit/537.36 (KHTML, like Gecko) Chrome/111.0.0.0 Safari/537.36,http://localhost/fullstack1/Clase5/Proyectos/96-Proyecto/admin/panel.php?operacion=crear&tabla=blog,,operacion:crear|tabla:blog|,carrito:[]|usuario:josevicente|
1680601231,2023,04,04,11,40,31,::1,Mozilla/5.0 (Windows NT 10.0; Win64; x64) AppleWebKit/537.36 (KHTML, like Gecko) Chrome/111.0.0.0 Safari/537.36,http://localhost/fullstack1/Clase5/Proyectos/96-Proyecto/admin/panel.php?tabla=blog,,tabla:blog|,carrito:[]|usuario:josevicente|
1680602700,2023,04,04,12,05,00,81.203.80.47,Mozilla/5.0 (Windows NT 10.0; Win64; x64) AppleWebKit/537.36 (KHTML, like Gecko) Chrome/111.0.0.0 Safari/537.36,https://jocarsa.com/admin/panel.php,,,pagina:0|carrito:[]|usuario:josevicente|
1680602705,2023,04,04,12,05,05,81.203.80.47,Mozilla/5.0 (Windows NT 10.0; Win64; x64) AppleWebKit/537.36 (KHTML, like Gecko) Chrome/111.0.0.0 Safari/537.36,https://jocarsa.com/admin/panel.php,,,pagina:0|carrito:[]|usuario:josevicente|
1680602869,2023,04,04,12,07,49,81.203.80.47,Mozilla/5.0 (Windows NT 10.0; Win64; x64) AppleWebKit/537.36 (KHTML, like Gecko) Chrome/111.0.0.0 Safari/537.36,https://jocarsa.com/admin/panel.php,,,pagina:0|carrito:[]|usuario:josevicente|
